target_return,return,volatility,sharpe,weight_CGNX,weight_EMR,weight_HON,weight_ISRG,weight_NVDA,weight_PH,weight_QQQ,weight_ROK,weight_SPY,weight_TER
-0.5701572271934743,-0.5701572245447337,0.5221134112828013,-1.168629671943523,0.0,4.579669976578771e-16,2.7755575615628914e-16,5.1164652931090515e-09,0.0,1.8041124150158794e-16,0.0,1.249000902703301e-16,4.0245584642661925e-16,0.9999999948835344
-0.540709732730905,-0.5407097327031191,0.4993628652228371,-1.162901315146815,0.0,5.0323421638317715e-17,0.0,0.05688254630140974,0.0,9.347139298132695e-17,8.255116047366577e-17,1.1449174941446927e-16,0.0,0.9431174536985902
-0.5112622382683357,-0.5112622384003395,0.4773253827718662,-1.1548982272828572,1.0060702276943218e-16,3.195382210648672e-17,0.0,0.11376509224048606,2.5980516674592264e-16,0.0,0.0,1.8041124150158794e-16,3.7133437006334875e-16,0.8862349077595132
-0.4818147438057664,-0.48181474380423017,0.45610433640868014,-1.1440688065212168,0.0,0.0,0.0,0.17064763874617747,1.1800439529967869e-16,5.275729853287996e-17,1.4450521725557473e-17,1.0581813203458523e-16,3.967794905792206e-16,0.8293523612538223
-0.4523672493431971,-0.452367249339233,0.4356276417693661,-1.1302479506107799,4.777338049545387e-17,0.0,7.290970725159923e-17,0.19280056888496455,9.856096603739281e-17,0.0,0.0,0.03481408385363626,2.562576275438564e-17,0.7723853472613991
-0.42291975488062783,-0.42291975488041994,0.41571733444096054,-1.1135445085611724,1.6244023788514276e-16,0.0,0.0,0.21113259802059015,0.0,0.0,1.520249342942147e-18,0.0734583617142946,8.342401428953753e-17,0.7154090402651153
-0.39347226041805855,-0.3934722604151999,0.39645638879849293,-1.0933668182997072,8.39228160277526e-17,0.0,0.0,0.22954480062250335,1.8393605859455494e-16,6.552227644803013e-17,0.0,0.11202227112693464,0.0,0.6584329282505624
-0.36402476595548927,-0.3640247659544167,0.3779440960830962,-1.069006686813243,4.395336976404088e-17,0.0,1.3538835266351015e-18,0.2479230689109162,3.1225196441694895e-17,0.0,0.0,0.15062019737792565,6.431009687748572e-17,0.601456733711158
-0.33457727149291994,-0.3345772714934763,0.36029587414103637,-1.0396379708385157,0.0,1.9522770958671423e-16,8.980397648764587e-17,0.266316867198567,0.0,4.290142848054879e-17,0.0,0.18920255585864923,0.0,0.5444805769427837
-0.30512977703035066,-0.30512977703265703,0.34363741042134144,-1.0043428525709286,0.0,8.642670160019834e-17,5.993468536319266e-17,0.28000453930164565,0.0,0.0,1.5883288855294705e-17,0.22108788971430085,0.008982661016133401,0.48992490996792004
-0.2756822825677814,-0.27568228256739463,0.3275149348441755,-0.9638714115971212,0.0,5.754776625794054e-17,4.06895245725157e-17,0.2576036574914356,6.74180577222799e-17,0.0,0.0,0.20591517488899852,0.08346620578125502,0.4530149618383109
-0.2462347881052121,-0.24623478799697474,0.31161449171325023,-0.9185541610188332,0.0,2.7755575615628914e-17,1.2184529011845027e-17,0.23716139244856835,0.0,0.0,0.0,0.1913536654271037,0.1559236930434358,0.41556124908089226
-0.21678729364264282,-0.21678729364251512,0.29596883344907865,-0.8676159940559934,0.0,0.0,0.0,0.21063035962671284,8.000167647373505e-17,0.0,0.0,0.1755226050781392,0.2341834265022359,0.37966360879291244
-0.18733979918007354,-0.18733979917983956,0.28062385698128717,-0.8101228513689742,0.0,1.7975254016663903e-16,0.0,0.18757242386060757,2.0675880019833223e-16,0.0,0.0,0.160332258434919,0.3091991695077354,0.3428961481967384
-0.1578923047175042,-0.1578923047168313,0.2656298184577309,-0.7449928094135315,0.0,0.0,1.137426961629929e-16,0.166212202469472,0.0,0.0,0.0,0.144502195985683,0.3833790763506675,0.3059065251941778
-0.12844481025493493,-0.12844481025468305,0.2510506610899568,-0.6709594371246277,6.552096983540202e-17,1.2934165668900878e-16,0.0,0.1437959570465108,3.5908792229279524e-17,0.0,1.4853092850935892e-16,0.1292090697328207,0.4579694980189119,0.2690254752017563
-0.09899731579236565,-0.09899731579775974,0.23696255808833167,-0.5865792339477792,6.733595836791193e-17,7.744768055284334e-17,8.136532644185194e-17,0.12118496000741211,9.538023216901681e-17,0.0,0.0,0.11417197412287905,0.5325120691983992,0.2321309966713098
-0.06954982132979637,-0.06954982133946794,0.2234583739646745,-0.49024710685841727,0.0,5.2632080662492044e-17,0.0,0.09893514033249294,0.0,3.86687661452138e-18,0.0,0.098963833058471,0.6069043257227515,0.19519670088628463
-0.040102326867227034,-0.04010232686966975,0.21065048224786787,-0.380261777779436,0.0,3.115346966315754e-16,0.0,0.07640093294343887,6.965330320854152e-17,0.0,0.0,0.08372447708959987,0.6815454885079635,0.15832910145899776
-0.01065483240465781,-0.010654832408613854,0.19867358004111857,-0.25496511613738504,0.0,0.0,5.1002634442463745e-17,0.053567440335179614,1.2624104272937234e-17,9.2931527102967e-17,1.1298881437364797e-16,0.06843067498855283,0.7564655912559163,0.12153629342035127
0.018792662057911524,0.018792662058810604,0.18768677558855387,-0.11299324565988618,0.0,0.0,3.021061520975103e-17,0.03119531395306911,0.0,1.238879935164768e-16,0.0,0.05319492746395507,0.8309760553178106,0.08463370326516562
0.04824015652048075,0.04824015652007492,0.1778742725749404,0.04632573559283707,6.604028948725163e-17,0.0,4.3197999471293595e-17,0.007435132737917919,2.784474842722625e-17,1.1124666506935755e-17,0.0,0.03920825107112436,0.9055985486092228,0.047758067581734884
0.07768765098305008,0.0776876509831262,0.16948415144180648,0.22236681520080956,5.0099438940564555e-17,0.0,7.568188664101169e-17,2.5153244049878276e-17,0.0,0.0,1.02921689813455e-16,0.02217697661132185,0.9697388108905223,0.00808421249815587
0.10713514544561942,0.10713514544795148,0.1661290608528185,0.40411439818726025,3.935760673954534e-17,9.714714067414582e-17,0.041809555401255645,0.0,0.0,0.0,8.673617379884035e-18,0.0,0.9581904445987445,0.0
0.13658263990818864,0.13658263991285421,0.16483700890984923,0.5859281271336104,3.0369559501673454e-18,3.4168035147247864e-16,0.10032187578827256,1.2281752423664911e-17,0.0,2.7648622644429032e-17,0.0,6.916851529506311e-17,0.8996781242117272,0.0
0.16603013437075798,0.16603013437605035,0.16423992045909966,0.7673538444475524,0.0,0.0,0.1588341961718983,2.7587854086051183e-17,0.0,4.368167795526121e-17,1.3877787807814457e-17,0.0,0.8411658038281021,1.1937347620995088e-17
0.1954776288333272,0.19547762884759526,0.1643453703578155,0.9460420364083683,9.242800603966611e-17,0.0,0.21734651657211326,3.978568587120352e-18,0.0,1.1375369790295538e-16,4.85722573273506e-17,1.2682841610691122e-17,0.7826534834278867,0.0
0.22492512329589653,0.22492512332210107,0.16515201289533543,1.1197267298176787,0.0,0.0,0.2758588369782115,1.078003273327763e-16,6.948662996909624e-18,0.0,0.0,4.573409862193189e-17,0.7241411630217885,0.0
0.25437261775846587,0.25437261779076087,0.1666496663311944,1.286366918759521,6.0878477418142156e-18,3.3547145572639906e-17,0.3343711573726937,5.0613288887075686e-17,0.0,0.0,1.6653345369377348e-16,0.0,0.6656288426273061,0.0
0.2838201122210351,0.28382011224464637,0.16881994115745416,1.4442613270267723,0.0,0.0,0.3928834777378193,6.508186744530345e-17,0.0,0.0,6.938893903907228e-17,0.0,0.607116522262181,4.893140552884004e-17
0.3132676066836044,0.3132676068395364,0.171637324323826,1.5921222724491197,8.875593708795317e-17,2.4545807863674355e-18,0.45139579838312144,0.0,0.0,0.0,0.0,0.0,0.548604201616879,0.0
0.34271510114617365,0.3427151010122075,0.17507057711834212,1.7291032336494885,2.0992347231693987e-17,5.2065559765732026e-17,0.5099081181894726,0.0,4.5321136794421255e-17,0.0,0.0,0.0,0.4900918818105275,0.0
0.372162595608743,0.37216259560419745,0.1790211920670371,1.8554372907974737,4.234830672420508e-18,0.0,0.5563339101372347,0.0,0.007732261282408014,0.0,2.67953350896375e-17,2.1415908569891514e-17,0.4359338285803574,0.0
0.4016100900713123,0.4016100900852255,0.18320708817177214,1.9737778362930232,0.0,0.0,0.5922524692664256,0.0,0.022186441643097618,0.0,0.0,0.0,0.38556108909047726,0.0
0.43105758453388154,0.43105758455690424,0.18758849522745558,2.0846565461423285,0.0,6.027226673614821e-17,0.6292140558735289,1.1114428637870155e-17,0.03597335339976883,5.6192884399296434e-18,0.0,6.3154280371259735e-19,0.3348125907267025,4.06142641361101e-17
0.4605050789964509,0.4605050789891516,0.19215167291681068,2.1884018629970674,2.3533974929339328e-17,6.327978357460635e-18,0.6661339429976124,0.0,0.049786942021274136,5.031576880968007e-17,0.0,0.0,0.2840791149811135,0.0
0.4899525734590202,0.4899525734687593,0.19688398369704965,2.285369104279771,0.0,0.0,0.7030647218534146,5.655893552817226e-17,0.06359356280362832,0.0,0.0,3.360656152466568e-17,0.23334171534295697,0.0
0.5194000679215893,0.5194000679053621,0.2017738098808893,2.375928115687366,2.046389651630277e-17,0.0,0.7390845100084744,0.0,0.07798298263795886,0.0,0.0,0.0,0.18293250735356692,2.257086169603434e-17
0.5488475623841587,0.5488475623839766,0.206809250678306,2.4604680918045316,3.754738131558759e-17,0.0,0.7775122238489174,1.3743237346936824e-17,0.09083195108402622,0.0,0.0,0.0,0.1316558250670564,0.0
0.578295056846728,0.578295056846198,0.21198044703151894,2.539361834472214,0.0,0.0,0.81389166253277,1.2506034896690402e-18,0.10499128736531244,6.7349777674403885e-18,1.6755566300372717e-17,7.15679169052207e-18,0.08111705010191761,3.9563935323704527e-17
0.6077425513092973,0.6077425512659373,0.21727775131969237,2.6129806103828246,0.0,0.0,0.8505519594486762,4.34354129947511e-18,0.11897094675659756,1.856594885649786e-17,1.0945666918837558e-17,0.0,0.030477093794726358,1.6502027943598814e-17
0.6371900457718667,0.6371900458041417,0.2236380879135895,2.6703414046130067,0.0,0.0,0.8312443988184496,4.834870523751944e-17,0.16875560118155053,0.0,1.0755285551056204e-16,8.810730157101265e-18,9.020562075079397e-17,0.0
0.6666375402344358,0.6666375402527089,0.23922544448138822,2.619443519526876,0.0,0.0,0.7273388490013136,1.4432945613113626e-16,0.27266115099868615,1.1681775452283619e-16,2.0160569770422186e-16,8.583071844379373e-17,2.498001805406602e-16,0.0
0.6960850346970051,0.6960850349326788,0.2641837119446484,2.4834424124911276,0.0,0.0,0.6234332983676745,0.0,0.3765667016323258,0.0,0.0,0.0,0.0,1.3903241026804857e-16
0.7255325291595744,0.7255325294254357,0.2961530943746568,2.3147910403332927,0.0,2.7900444649208355e-16,0.5195277483946172,5.891384262900932e-18,0.4804722516053833,0.0,0.0,0.0,0.0,2.187167845037883e-16
0.7549800236221438,0.754980021799509,0.3331211137657325,2.1463065301298156,3.3306690738754696e-16,0.0,0.4156222058973371,0.0,0.584377794102663,0.0,6.938893903907228e-17,0.0,0.0,2.0816681711721685e-16
0.7844275180847131,0.7844275160776961,0.37360687916958923,1.9925423154207564,0.0,0.0,0.31171665668138737,6.800116025829084e-16,0.6882833433186123,0.0,2.220446049250313e-16,3.3306690738754696e-16,1.3877787807814457e-16,0.0
0.8138750125472822,0.813875010355883,0.41658603571815783,1.8576595084897416,0.0,8.743006318923108e-16,0.20781110746543727,3.7470027081099033e-16,0.7921888925345616,4.996003610813204e-16,4.163336342344337e-16,0.0,8.604228440844963e-16,0.0
0.8433225070098516,0.8433225046340709,0.4613622778404326,1.741196762757247,0.0,4.996003610813204e-16,0.10390555824948884,0.0,0.8960944417505109,5.134781488891349e-16,3.3306690738754696e-16,0.0,5.273559366969494e-16,0.0
0.8727700014724209,0.8727699989122589,0.5074601254670836,1.6410550447599186,4.718447854656915e-16,0.0,9.033537029523586e-09,0.0,0.999999990966463,2.0816681711721685e-16,0.0,4.996003610813204e-16,0.0,0.0
