date,equal_weight,naive_mean,ml_predicted
2022-12-20,0.00303291214698141,-0.00034268546166143273,0.013866452052361665
2022-12-21,0.01942102376353047,0.02088515047116331,0.019607660535364682
2022-12-22,-0.02302439753880025,-0.035596900738475865,-0.005885414106900543
2022-12-23,0.00278827612520761,0.0002294460446140129,0.0015144360891234281
2022-12-27,-0.00872294453804143,-0.01661877120336959,0.005533213862947792
2022-12-28,-0.01224377746580099,-0.011596128605930654,-0.01948227841117166
2022-12-29,0.02333979982280486,0.0213890394672659,0.01788285111418477
2022-12-30,-0.0038389280132698402,-0.0017939987218752057,-0.003424978785002494
2023-01-03,-0.0011357310071601402,-0.0066371553529897785,0.002611768069142382
2023-01-04,0.009209458628371851,0.0056130062244775245,0.017583020310293133
2023-01-05,-0.011482651188324611,-0.014026117753724861,0.004075610118695466
2023-01-06,0.029943869449904986,0.03459320965709149,0.03505535527362095
2023-01-09,0.010717554194878241,0.013014556198007374,0.003143742761389583
2023-01-10,0.008933176902114301,0.009927519097942296,0.003166229459187606
2023-01-11,0.00701037106331138,0.004532326522696186,0.0026409593909766183
2023-01-12,0.0059347231589844006,0.009867096562571993,0.012398676976357097
2023-01-13,0.008934751880008081,0.0071434921584689675,0.007329165594620573
2023-01-17,-0.00963174583843749,-0.02873529708035075,-0.00875610923928368
2023-01-18,-0.01873961738881924,-0.020922060553013905,-0.02192501608955955
2023-01-19,-0.02050638769747868,-0.029148932461256098,-0.03248773536424941
2023-01-20,0.02399218908178637,0.025342696974836078,0.02521763550763241
2023-01-23,0.02771663769032968,0.07590099012659494,0.018889634403845255
2023-01-24,0.0021579276915096503,0.0037512636511676037,0.005393334118098158
2023-01-25,-0.00573748673526314,0.0030107122296118955,-0.004470137517230662
2023-01-26,0.014189072496885941,0.02478909527919269,0.01728760834294845
2023-01-27,0.00330219680409689,0.02843149965348749,-0.013131862734460924
2023-01-30,-0.01983996670988777,-0.05907183332953166,0.00290736954221555
2023-01-31,0.01870024058138271,0.019569969834800593,0.005909415227347209
2023-02-01,0.021656503436722548,0.07196604485227732,0.015517605783790514
2023-02-02,0.024812948438915704,0.03657544240636999,-0.0015280311063600417
2023-02-03,-0.01229452645782851,-0.02805301088756378,-0.0009839746457063142
2023-02-06,-0.00883915085552601,-0.0005212924501378073,-0.010504311405804606
2023-02-07,0.015776118623382115,0.05140128039784646,0.008293614788219572
2023-02-08,-0.014865360328881961,0.0014431086797309857,-0.05692049916858308
2023-02-09,-0.00518244983958546,0.0059447293578756,-0.009768550011429065
2023-02-10,-0.00872724620516086,-0.04799214518233447,0.008220779250645953
2023-02-13,0.014909134983656532,0.024594249670562604,0.012347002560336724
2023-02-14,0.005543592885917921,0.05429606961306755,-0.010585571672317948
2023-02-15,0.009612048455629702,-0.009011528021916777,0.010815536197075584
2023-02-16,-0.01679283525828776,-0.033473682089074676,-0.008101998309553066
2023-02-17,-0.01619781859980102,-0.02790671367236167,-0.003033929415572732
2023-02-21,-0.02851259336993843,-0.0342714599936899,-0.03967701358886096
2023-02-22,-0.0005545925122741198,0.004995484307484068,0.0030471127158881914
2023-02-23,0.020660959470722134,0.07264162534971834,0.00012141175060789529
2023-02-24,-0.01033491257933098,-0.00910537187897257,-0.0015794421255512737
2023-02-27,0.00452768838826734,0.008088857539946186,-0.0009734032825687033
2023-02-28,-0.0006567374700530201,-0.003761370102090931,0.007429987548687716
2023-03-01,-0.00192225504467488,-0.008448468241354902,0.004231582789255503
2023-03-02,0.00887569224829762,0.01615523293731931,0.008909195515434324
2023-03-03,0.01928301530213063,0.018200962449664775,0.020763569842756964
2023-03-06,-0.0003297773352029735,-0.005784982778457391,0.01882179037837651
2023-03-07,-0.011770022727529191,-0.006710562903817115,-0.015031538516374666
2023-03-08,0.009186100984384101,0.02288302740506597,-0.0025629842562505437
2023-03-09,-0.017861584780514472,-0.03162402511514171,-0.025461439872383362
2023-03-10,-0.017152295836353103,-0.028135538518848358,-0.015220294477666513
2023-03-13,-0.00039697175989967013,-0.009812736618690723,-0.0032857712945646433
2023-03-14,0.020885746466060083,0.02619360950698118,0.014529652989660375
2023-03-15,-0.020760601269163622,-0.028999266737062414,-0.03080991225698384
2023-03-16,0.02196035970945045,0.026687133737290803,0.01726056022266782
2023-03-17,-0.01261144279058372,-0.011639682727643324,-0.013183494212574857
2023-03-20,0.01608700461891085,0.021919451206202728,0.01768918964202232
2023-03-21,0.014769449189718202,0.022667388273651747,0.020906805452548485
2023-03-22,-0.01476780403294826,-0.0016295980689646442,-0.0070244698139384516
2023-03-23,0.00969201269891157,0.02731592478056357,-0.0018528020980566034
2023-03-24,0.0010544226286500996,-0.015152046588375084,0.002244747319817938
2023-03-27,-0.0032627411518371,-0.009261045533628387,-0.0030353225839016697
2023-03-28,-0.0019758833069773397,-0.004560706147642191,0.009393754179427
2023-03-29,0.016250790582836662,0.0217342565479725,0.01391225865869633
2023-03-30,0.007610015194809451,0.014786498772525396,0.007142004126517295
2023-03-31,0.012623211687179212,0.014388663451054105,0.01796895265482662
2023-04-03,0.00024928224532980983,0.006768028609545888,0.00033624662243418314
2023-04-04,-0.02095580268792489,-0.01830861268070612,-0.020989266728136977
2023-04-05,-0.01272970621360972,-0.020835562605373295,-0.021063763038474303
2023-04-06,-0.0004959085326286497,0.005803322670812493,0.001900798434213491
2023-04-10,0.011735498751875132,0.02004658511326399,0.013261284346832897
2023-04-11,0.0016113943039005201,-0.014866319069543273,0.0012653611561462895
2023-04-12,-0.0027213910041274,-0.024807785179471364,-0.008948292749941527
2023-04-13,0.00797796081397415,-0.0012077128283670992,0.02089646833325982
2023-04-14,0.0005400922974352597,0.01114762031153789,0.010250636387207664
2023-04-17,0.0033406516426032306,0.009118673033540393,0.0029610420903621788
2023-04-18,0.003823108140178201,0.024628046361806374,0.007364373246393767
2023-04-19,0.0073430793846070205,0.009541871223907185,0.0007404183766589193
2023-04-20,-0.00693138752301381,-0.029608722597926074,-0.005612407182449639
2023-04-21,0.0006053006468651002,0.0005534790981076032,-0.001975560270038533
2023-04-24,0.00074686932363461,-0.0028392310607338956,0.0027414135972707106
2023-04-25,-0.018381781425541904,-0.029620743630875992,-0.022912148104626284
2023-04-26,-0.007071395015727606,0.027247486647530465,0.001324382604831656
2023-04-27,0.01767442889484977,0.010016258774516215,0.025970100998332364
2023-04-28,0.007550058167548791,0.01920970926293189,0.010859757236423465
2023-05-01,0.00773635584846674,0.04183934364827527,0.021915559233471667
2023-05-02,-0.0132147160367297,-0.02421319767758189,-0.014282075834120465
2023-05-03,0.0013200556447114202,-0.014462787940199187,-0.009259707750223417
2023-05-04,-0.0005156052044689198,-0.008632507952133798,-0.005277360265243392
2023-05-05,0.01782126538160977,0.04056310735894829,0.036831211574367764
2023-05-08,-0.00175297859486167,0.016422458741264582,0.009542038363837602
2023-05-09,-0.004959238978361121,-0.019896508207589887,-0.0008625112446385324
2023-05-10,-0.00222295481045169,0.010990411377319775,-0.01644242405378557
2023-05-11,-0.00213813016861948,-0.010628429692985192,-0.005883570183900392
2023-05-12,-0.0005863613492877603,-0.00832814855491979,-0.004550496092389121
2023-05-15,0.013582058224294622,0.021630241968904892,0.0156958036212401
2023-05-16,-0.00925303988961523,0.00898015318614988,-0.007214114789460525
2023-05-17,0.018910894286950572,0.03303310867460939,0.030782208886001246
2023-05-18,0.018293736888449912,0.04970529587103877,0.028179445574469504
2023-05-19,-0.00203581973951785,-0.01306913859273249,-0.009468245261540442
2023-05-22,-1.6634856764828642e-05,-0.0028148079045213965,0.001103420821672377
2023-05-23,-0.01600636967258696,-0.0156530271798833,-0.01565302717988315
2023-05-24,-0.011765144416765402,-0.004887831366984113,-0.004887831366984462
2023-05-25,0.03720726121344409,0.24369636505969072,0.2436963650596851
2023-05-26,0.023940153540850467,0.02543437934758011,0.025434379347579736
2023-05-30,0.0028542573302563403,0.029913368480613763,0.029913368480612924
2023-05-31,-0.01883633738645505,-0.056767590151800155,-0.05676759015179909
2023-06-01,0.017955570848078833,0.05117094485477756,0.05117094485477675
2023-06-02,0.01982222946269536,-0.01113914487722156,-0.01113914487722046
2023-06-05,-0.0057424656116579,-0.003966572666019103,-0.003966572666019204
2023-06-06,0.0024389663391196996,-0.013198739428800376,-0.013198739428799976
2023-06-07,0.003156050000924589,-0.03040100710381985,-0.030401007103818774
2023-06-08,0.0057375885740663605,0.02761836233374747,0.02761836233374678
2023-06-09,0.00279442941764052,0.006751501855583697,0.00675150185558355
2023-06-12,0.013086861316989412,0.018364852343274597,0.01836485234327424
2023-06-13,0.01665093500247039,0.03900513134464927,0.039005131344648794
2023-06-14,0.00411113041143437,0.04814491850793664,0.048144918507935425
2023-06-15,0.011996183011059302,-0.008000539757754275,-0.008000539757753592
2023-06-16,-0.00452108355074227,0.0009142891757857932,0.0009142891757855924
2023-06-20,-0.0035966251800991006,0.026140559650167466,0.02614055965016667
2023-06-21,-0.00427222754250344,-0.017416653099712874,-0.01741665309971238
2023-06-22,-0.0005392394511394801,-0.0004649242367064029,-0.00046492423670642136
2023-06-23,-0.008521837855889051,-0.018965490590854575,-0.003253880957398757
2023-06-26,0.00081160268833362,-0.03736176149153644,0.004354263758728514
2023-06-27,0.01790069730261104,0.030616256181963074,0.01473740593811185
2023-06-28,-0.0029822428885316003,-0.018124991899562168,0.0022690857013582025
2023-06-29,0.008064083120008511,-0.00717463728258767,0.013006982208673155
2023-06-30,0.01428118575859291,0.03625507762558356,0.013116657596954164
2023-07-03,7.816543425373708e-05,0.002623952409069398,-0.008652107811053456
2023-07-05,-0.010989880364046408,-0.0022633764140245196,-0.006794051909413999
2023-07-06,-0.00962639707545196,-0.00505709212235291,-0.009597781914558302
2023-07-07,0.0018312702704345101,0.009500262809345588,0.003114826958641393
2023-07-10,0.01619318700768418,-0.007599295734687653,0.029477087214773115
2023-07-11,0.0067411867773633696,0.0053342165247716004,0.0018300745178911088
2023-07-12,0.011939480914831931,0.035302393001569565,0.014636969053751163
2023-07-13,0.01231201753596752,0.04726452490922194,0.0033689296498938827
2023-07-14,-0.00332011331365177,-0.011048983382964096,0.008390660281588235
2023-07-17,0.01054779367358327,0.021816873231743396,0.001741742420579951
2023-07-18,0.00777760423330779,0.022233766789324174,0.007808607944548883
2023-07-19,-0.0065251615886780506,-0.008779935778511794,-0.011548258786212268
2023-07-20,-0.012558735013232701,-0.03307350458826728,-0.005013679755496068
2023-07-21,-0.0074195638832756,-0.02660359370772827,-0.02385529388424786
2023-07-24,-0.00315221781359589,0.006838063356116373,-0.0179966059597121
2023-07-25,0.007302388489696321,0.022547940294780442,0.023917437483871498
2023-07-26,-0.006353330098431861,-0.00531573221251537,-0.004969462044500467
2023-07-27,-0.012361920942808611,0.009807326241737562,0.009856622234376167
2023-07-28,0.0070961676674896595,0.017766455893881854,0.018518504640055587
2023-07-31,0.00456414219370611,0.0011085036266202013,-0.00044933517035312823
2023-08-01,-0.014040139311702698,-0.003877633300420966,-0.004750812782167438
2023-08-02,-0.01704542845159138,-0.04647566049139883,-0.048121665129141594
2023-08-03,0.0008320660295978903,0.007009004316508962,0.005556932658129841
2023-08-04,-0.007550216401879381,0.002924504232371589,0.003706644940249182
2023-08-07,0.01450551606014432,0.01705679052879563,0.016495119985156407
2023-08-08,-0.013266023274153462,-0.015584383207773276,-0.01657964059520075
2023-08-09,-0.0067222510531181,-0.04486699636057249,-0.04724175902792076
2023-08-10,-0.0020965598194937806,-0.004990819204472897,-0.0039007198579145146
2023-08-11,-0.00849764462038068,-0.03351362987317986,-0.03616603443936791
2023-08-14,0.012166801305297202,0.06639751113013555,0.07093386047616812
2023-08-15,-0.0102517137413029,0.0033066192746854604,0.004273851088034892
2023-08-16,-0.00780881259113126,-0.01007644240551909,-0.01033218683964647
2023-08-17,-0.011094958638468941,-0.0041228615428931005,-0.0032655002052308954
2023-08-18,-0.00197150418284376,-0.0011668651237233246,-0.0010382462438968468
2023-08-21,0.01343089669974035,0.07970509847219742,0.08471331119389675
2023-08-22,-0.0009363270441635878,-0.025943809901592587,-0.027657883862033623
2023-08-23,0.01512375758439655,0.026882402171356335,0.031707405053750276
2023-08-24,-0.01318311196793177,-0.0035026005106158506,0.0009973908838550789
2023-08-25,0.01101338176056461,-0.012498956246563154,-0.024277484472979526
2023-08-28,0.01088498828642338,0.016428687494176735,0.017753987225959302
2023-08-29,0.02028186513079656,0.03514666023908528,0.04161407346370266
2023-08-30,0.0019010084815837406,0.008598693339944672,0.009839334098375061
2023-08-31,-0.00259426436150263,-3.914314493669779e-05,0.0018473674606366245
2023-09-01,0.00192344845080103,-0.00823431437682278,-0.017141302116329842
2023-09-05,-0.01424850675517167,-0.006895162691459929,0.000803995203763128
2023-09-06,-0.00405333495791335,-0.021486900856796623,-0.030549711687030797
2023-09-07,-0.017323785999117478,-0.014283410225255462,-0.017424211970567136
2023-09-08,-0.00446791493638093,-0.010175152152834682,-0.014467535818610275
2023-09-11,0.0011308893445173198,-0.008282960294013254,-0.00864554135835336
2023-09-12,-0.0056553910902595195,-0.005393610456766949,-0.006817645411717213
2023-09-13,-0.002486779926102669,-0.0013652953716768394,0.013706318079521624
2023-09-14,0.00741522607531151,0.005352719705826016,0.0021107570636338343
2023-09-15,-0.0129163988939234,-0.028364686004727392,-0.036879604123173454
2023-09-18,0.00786380720440985,0.003851475671622421,0.0015034789824609949
2023-09-19,-0.00278514237490056,-0.010243465819240455,-0.010144331144348201
2023-09-20,-0.01392156802199687,-0.021765125392233874,-0.029434643727350114
2023-09-21,-0.018411997822778702,-0.027099709097017626,-0.028930567109436478
2023-09-22,0.004122206455060471,0.014626766244669548,0.014630386315267115
2023-09-25,0.01019290965032675,0.013273699330287598,0.01324303823560162
2023-09-26,-0.015614900990469461,-0.011886844216208937,-0.01198349233789716
2023-09-27,0.007963848876727995,0.015352011884388766,0.015396091798140353
2023-09-28,0.00941649691172229,0.010419258868440709,0.010329396695915398
2023-09-29,-0.0021535403574954003,0.003187889762172617,0.0030526294226032613
2023-10-02,0.0005649064082217203,0.01436558777130211,0.014042160595184237
2023-10-03,-0.01511491996849966,-0.020882758588674562,-0.020725306340311108
2023-10-04,0.01019898284331694,0.01012431164647651,0.010083331113670563
2023-10-05,-0.0031296304200484704,0.008316402780344893,0.008180129563035255
2023-10-06,0.01642975070821204,0.02288276938435183,0.022858176475024104
2023-10-09,-0.0008790977170246199,-0.0031716909035529265,-0.003011062490792811
2023-10-10,0.005543699720980091,0.009011006030336869,0.008955740885356382
2023-10-11,0.0031699091490069897,0.02321992303177331,0.023245793092096283
2023-10-12,-0.013162707073742291,0.0014745613069011502,0.001442595623133927
2023-10-13,-0.01781065855028648,-0.032601946572805504,-0.03262311785388025
2023-10-16,0.013730880378884331,0.012595605046474537,0.012566736179227867
2023-10-17,-0.00641802561982924,-0.02380879340307622,-0.023317411660440407
2023-10-18,-0.02807139924066926,-0.046956477537349176,-0.047112741880871126
2023-10-19,-0.00864001957003167,-0.005354434376736603,-0.005420772167651544
2023-10-20,-0.0135492467545241,-0.012674322554609055,-0.012582720741489771
2023-10-23,0.0014255054876079797,0.028462138535629525,0.03836948636421222
2023-10-24,0.00706498791133371,0.016274764736446495,0.016009286540518787
2023-10-25,-0.024873115070439794,-0.038118526997088543,-0.0431486921296696
2023-10-26,-0.014370191283995751,-0.027261942745816083,-0.03477824166736727
2023-10-27,-0.0026508194427003993,0.0017070881820365786,0.0043149176224040135
2023-10-30,0.007669582689222631,0.014999102228511533,0.016320842859950408
2023-10-31,0.00652185588388879,-0.007890655489168613,-0.00925616080793152
2023-11-01,0.008858160555733092,0.03177821350439792,0.037886280336112334
2023-11-02,0.023510644183750762,0.03954814715127403,0.027902894067552923
2023-11-03,0.014174444065193451,0.026681675967046754,0.03445509631883453
2023-11-06,-0.0007806334115236902,0.015806917747095497,0.016575912917161335
2023-11-07,-0.00475353418563643,0.00406988343416327,0.004459103182294291
2023-11-08,-0.0002882811040702799,0.012621227294090327,0.013469698314185196
2023-11-09,-0.006017123105541546,0.007562520134139534,0.008073040994514512
2023-11-10,0.02086954913297486,0.02772398494493563,0.029499436821754974
2023-11-13,-0.001415275892976751,0.0048175483276334105,0.005896275646912635
2023-11-14,0.026754064430875052,0.021131875402489154,0.021308068170411695
2023-11-15,0.00241771960202489,-0.012184568849454024,-0.015466279662045404
2023-11-16,0.0030147066099665506,0.0087952150496081,0.01210936791540035
2023-11-17,0.007365076600415751,-0.00037220195734773273,-0.0036782252325736698
2023-11-20,0.00612338502069391,0.017980850851424632,0.022536280016794377
2023-11-21,-0.0045322629798293206,-0.003729717485477223,-0.009224545311873321
2023-11-22,0.00165411546600934,-0.015455642697547652,-0.024587584767227572
2023-11-24,0.0003013050390897799,-0.008278273908117553,-0.019295470103694718
2023-11-27,-0.0035893561444769,0.0036658392605500014,0.009753961124305738
2023-11-28,-0.00366810364934279,-0.010383390191305995,-0.008726746349443894
2023-11-29,0.005556264648663104,0.005309224962400081,0.006670610942672641
2023-11-30,0.0015125310795904103,-0.01061326302316478,-0.02845861826909461
2023-12-01,0.012015328605739572,0.007054454416757831,-0.00010688330092232749
2023-12-04,-0.00846713080609637,-0.01700428673025887,-0.026836460385451823
2023-12-05,-0.0047885685268098995,0.009664088603548882,0.02329375028027462
2023-12-06,-0.0008410115313049797,-0.013267132283419471,-0.02282792460677531
2023-12-07,0.006190740208230291,0.012856247094596292,0.024020479084330065
2023-12-08,0.00287437128678392,0.015853849423656335,0.01952950946630931
2023-12-11,0.0092314708849083,-0.0107465556885465,-0.018502948521298634
2023-12-12,0.007742013309374341,0.014966937611216598,0.022090351028168996
2023-12-13,0.01603520725358019,0.005762098883862857,0.00904382394405004
2023-12-14,0.030075195585901306,0.016911613953363606,0.005448195927799877
2023-12-15,-0.0030058927934016252,0.004482928473993445,0.011168674345505647
2023-12-18,0.00554456406233105,0.013452562136383475,0.024278771352378506
2023-12-19,0.0075694359526845105,0.0013158393629462044,-0.00944537091508284
2023-12-20,-0.020899726690118692,-0.027208046772033874,-0.030098338114674765
2023-12-21,0.01655898091235236,0.015558630287204063,0.018270271918988605
2023-12-22,0.00442242647311175,0.0025695152359773445,-0.0032659243061897458
2023-12-26,0.00980049691921674,0.007746017161460343,0.00919502448782187
2023-12-27,0.0013165768694048201,0.002034127636443911,0.002800406226405873
2023-12-28,-0.00013459563324766995,0.00018735355329473768,0.0021249078984894535
2023-12-29,-0.00450428425892678,-0.0019201649814131689,-1.2038481963533506e-16
2024-01-02,-0.017289390205436184,-0.011286890530749752,-0.02734159835948538
2024-01-03,-0.017888911783543973,-0.015854030889647267,-0.012435513345740565
2024-01-04,-0.0006522669424222304,0.004825165735384333,0.009018459644521705
2024-01-05,0.00273703049008904,0.009097722643333883,0.02289678187894254
2024-01-08,0.017919644084595992,0.02700534236069512,0.06428095354736857
2024-01-09,-0.00035250652514558006,0.003136768238872754,0.016975090368190476
2024-01-10,0.015352042576581449,0.0118491926302294,0.022770082445112583
2024-01-11,0.0014012811164328099,0.005412305836663047,0.00868435205773026
2024-01-12,-0.0034345004875591203,-0.004135163065090596,-0.0020429732608063843
2024-01-16,-0.003843032970841061,0.009703764198019719,0.030561137712211462
2024-01-17,-0.008776666602451171,-0.008908550655306718,-0.00583503688530897
2024-01-18,0.01953794305712846,0.0204624276964631,0.018803594546372017
2024-01-19,0.01318295050818068,0.019416435869110724,0.04174609815403036
2024-01-22,0.0065511741978077805,0.005525665884103912,0.0027399324633049166
2024-01-23,0.0013132195558486397,-0.0054847533129793605,0.003671191467163827
2024-01-24,-0.004450551828048011,0.01219830998224393,0.024869189396469465
2024-01-25,0.007188072598276621,0.00817044091266126,0.004155784434049439
2024-01-26,-0.008025513442628111,-0.00611854770890844,-0.009510435678984382
2024-01-29,0.008590289638290602,0.018600552476820166,0.02349641420612283
2024-01-30,-0.0015535048877153902,0.004163765066223593,0.004946661436363976
2024-01-31,-0.04147544416722106,-0.022892991528542364,-0.019864940031213932
2024-02-01,0.017412516239253592,0.04399812183204872,0.024379585119918494
2024-02-02,0.013127742246093591,0.038725062423445165,0.049708861436427144
2024-02-05,-0.00292370238695541,0.02891344065172165,0.047944413439541186
2024-02-06,0.0010809866664253805,-0.008040256007853413,-0.015995616974742412
2024-02-07,0.02042783332456707,0.0191624025755108,0.027498084863780442
2024-02-08,0.00254810630849336,-0.002067714800049834,-0.006533566848417481
2024-02-09,0.01574047137004233,0.026655446750568593,0.03578353273983819
2024-02-12,-0.00022507768680648014,-0.0012842601196673738,0.0015943264990371908
2024-02-13,-0.01544147059738354,-0.005783196499755621,-0.001660868086028229
2024-02-14,0.014751505250507252,0.022893150108598,0.024567487688069666
2024-02-15,0.00859925062416642,-0.010546925559801097,-0.01680663925545413
2024-02-16,-0.0036415816724607902,-0.0016853624215038814,-0.0006193636123036078
2024-02-20,-0.007523287409828901,-0.027625643768467472,-0.04353220686934465
2024-02-21,-0.0006668204269927604,-0.01483168547577857,-0.028508670571119665
2024-02-22,0.033353625872945485,0.10713775741458645,0.16400872224739407
2024-02-23,-0.00370737518198401,0.0027757813590112957,0.00548743574831612
2024-02-26,-0.0020864125200692604,0.0014748735066422956,0.0027888602792891645
2024-02-27,-0.0018018171408276896,-0.0017921200734717759,-0.0013165693990896238
2024-02-28,-0.0019280950313080498,-0.006883452722675088,-0.006712988251067964
2024-02-29,0.012152065944262751,0.013358470306305064,0.013325487778570478
2024-03-01,0.015820043995669143,0.021986607944702516,0.01687247027747627
2024-03-04,0.00433230971421637,0.015594033465533742,0.0166653549307851
2024-03-05,-0.00946907956681415,-0.0028656410307915207,-0.002234002182409101
2024-03-06,0.014005752256935563,0.01881087417063249,0.01138992317755345
2024-03-07,0.01507301128887187,0.029954799195567205,0.011302421477939691
2024-03-08,-0.012550165656483881,-0.029389209962650733,-0.010499665651345112
2024-03-11,-0.00992494782560369,-0.011128092643476275,-0.007200169410687466
2024-03-12,0.015565413472865351,0.037452305969763254,0.019462787450601527
2024-03-13,-0.00678016359440475,-0.004301971928607126,-0.003786647862752338
2024-03-14,-0.00914258130387144,-0.01909836626630378,-0.005109948816881968
2024-03-15,0.00148489025387428,-0.0013843400971907905,0.0011415727150365963
2024-03-18,-0.0012174486533008098,0.004268161026172041,0.004728052442704757
2024-03-19,0.006438265768334608,0.007699238198704059,0.003545546585466874
2024-03-20,0.01107853247358761,0.012538555838959919,0.007303682688641757
2024-03-21,0.014471059823128962,0.01894474482682195,0.00630801003553514
2024-03-22,5.077896994370307e-06,0.010218300569750167,0.0042546261828884996
2024-03-25,-0.006569838981859231,-0.0014075514153522998,0.007561785408765727
2024-03-26,-0.0010627346182221797,-0.012195428340395881,-0.02569411427776082
2024-03-27,0.012597113186844491,-0.0010270447136005584,-0.024967226608566265
2024-03-28,0.00034515547126502005,-0.0018644718344515004,0.001174546402373484
2024-04-01,-0.0075501168660436135,-0.00497043781907496,7.7393593535752e-05
2024-04-02,-0.01333726462628589,-0.007985913395965268,-0.010081617280829543
2024-04-03,-3.8386811880809606e-05,0.009544514434555798,-0.0054553852321151996
2024-04-04,-0.014967176959923001,-0.01742412243255015,-0.034384899127583274
2024-04-05,0.01413858291727171,0.021776742677140876,0.024480780606402273
2024-04-08,0.0019121331639925698,-0.004918398045582078,-0.009942461689321976
2024-04-09,0.00641156908487017,-0.013248073828194217,-0.020416954142306296
2024-04-10,-0.01160425104162571,0.0020611724329162966,0.01974133147591488
2024-04-11,0.013202753180965171,0.01763043245792005,0.04109646536363933
2024-04-12,-0.016773623680041337,-0.016942213375587524,-0.026816394643299216
2024-04-15,-0.012153764724616491,-0.01771077019640963,-0.024777211531094606
2024-04-16,-0.0019643579729327313,0.007702019962602529,0.01644161256925956
2024-04-17,-0.013921508633956081,-0.019990572198759365,-0.038666044755729566
2024-04-18,-0.00597350528307288,0.0004971468973998172,0.007568294540874491
2024-04-19,-0.0203875988388084,-0.0455681546478615,-0.10004606986335678
2024-04-22,0.01367316350957227,0.023730445721949694,0.04354334460699848
2024-04-23,0.015994426662971233,0.026792397125857514,0.03653256897756195
2024-04-24,-0.00461279428054874,-0.019409139725574044,-0.03173251396623025
2024-04-25,0.01128460374297523,0.020188879038824624,0.03527901916766591
2024-04-26,0.0185196243367893,0.032824299105261065,0.059757210490094984
2024-04-29,0.00622118693119697,0.0008906430110412392,0.00041529154506993296
2024-04-30,-0.014583770858291382,-0.016377002153577166,-0.015587817433742435
2024-05-01,-0.009013692708044242,-0.019976284278738127,-0.037533577186899834
2024-05-02,0.01323376809839076,0.0034024319083207147,0.032537832675320136
2024-05-03,0.015048982396942141,0.021630229788125635,0.034004882959528464
2024-05-06,0.01244594952586853,0.032119498681912495,0.03658562207734113
2024-05-07,0.00233210168250222,-0.00858423731139017,-0.016463532652965563
2024-05-08,0.00496067796322167,0.0038779162742568615,-0.0015259455561002617
2024-05-09,0.00660952020739714,-0.0013741431690968463,-0.017527088151608434
2024-05-10,0.00484126125639683,0.006336872412262478,0.012295943497726352
2024-05-13,-0.0018896845292552507,-0.0069520566859656175,0.005646258035132445
2024-05-14,0.00507148884273039,0.003329802129636213,0.01040718240856177
2024-05-15,0.01869990639851493,0.020411574727995596,0.03496622278402476
2024-05-16,-0.005642447907857309,-0.014673275755287573,-0.002827939770521843
2024-05-17,4.420325809178995e-05,-0.0036686196631922604,-0.019085517107406334
2024-05-20,0.01188726227379465,0.014391613285477656,0.024108882273394215
2024-05-21,0.00044425331398181015,0.001863578954811131,0.0062023761486783265
2024-05-22,0.0015423647533433702,-0.002905772245849495,-0.004382265695735028
2024-05-23,-0.0058743680289072495,0.03322893937079774,0.03746997543011444
2024-05-24,0.01081111877035117,0.016636592920106604,0.01793221019346388
2024-05-28,0.0021493429083870004,0.03444245678340312,0.0294559668050228
2024-05-29,-0.01051724173536719,0.0013786918836868282,-0.0011846559464896312
2024-05-30,-0.0024746651614618305,-0.01901442253255437,-0.017648922501552262
2024-05-31,0.00275718900755041,0.0020663027194175914,-0.0037605653673317883
2024-06-03,-0.00059314833470216,0.010041306699940238,0.02797174291511038
2024-06-04,-0.00609829431824538,0.006111382062165719,0.0018416555641383465
2024-06-05,0.02439132322319834,0.03733077690608706,0.036596205549825456
2024-06-06,-0.007492961255663071,-0.013393818768750891,-0.013868925591415344
2024-06-07,-0.0007989359019745196,0.00034451209393758573,0.0006242927975391211
2024-06-10,0.00750671136245922,0.012877199742731616,0.0029712903996394558
2024-06-11,-0.0015809436259909303,-0.006473716463637462,-0.004217182781246756
2024-06-12,0.017623505507506063,0.027834321666395538,0.03203504309423574
2024-06-13,0.00557541352023686,0.01529374025566695,0.017155674344869743
2024-06-14,-0.0094507055137956,-0.013150393150509917,-0.0010314287065149447
2024-06-17,0.00942047067185873,-0.0011262367840657352,0.0033907137083800365
2024-06-18,0.012290098842785861,0.019517349047654228,0.022625175554483776
2024-06-20,-0.006257583909604191,-0.017868899319215814,-0.019335161960821717
2024-06-21,-0.002690876990390517,-0.020723293698109345,-0.02131312425146723
2024-06-24,-0.007661751819632041,-0.030089820001071636,-0.024563819483437995
2024-06-25,0.00919080776206886,0.03463384941659597,0.004219535080328714
2024-06-26,-0.0024100613647115,-0.0005804564278176598,-0.003882610187896291
2024-06-27,0.0026837264778235997,-0.007526344682459817,-0.000860105637692574
2024-06-28,0.004167139368944009,-0.0007656650074697553,0.0019258593568869005
2024-07-01,-0.00927133913065573,-0.003134691119006281,-0.006658782771016754
2024-07-02,0.00771854730670849,0.0007543560794617075,0.012371671943880573
2024-07-03,0.007257094623184721,0.023327108420194913,0.012596778061949636
2024-07-05,-0.00076259197534384,-0.011547862413443922,-0.01498975909318366
2024-07-08,0.0056359888095837704,0.011937938346935857,0.008706894385933386
2024-07-09,0.0018577256408079394,0.011557594623538675,0.004344620946386188
2024-07-10,0.018676416186476252,0.024346830856006522,0.028193008424647517
2024-07-11,-0.0020572271139505005,-0.024712293474050115,-0.0022634770490470293
2024-07-12,0.010167317963306742,0.013990123820339057,0.017717706423248904
2024-07-15,0.006244668565418131,-0.0008000099995597934,0.00929409036775609
2024-07-16,0.014077944606068642,0.00788035000954244,0.033062494281065086
2024-07-17,-0.026240105273674423,-0.04362246702258214,-0.027456305841121853
2024-07-18,-0.0153743063896709,0.003072218197922222,-0.010320285148985676
2024-07-19,-0.001652204034223231,-0.0014028454729839972,-0.00923936118962027
2024-07-22,0.02204088145785675,0.030527945883072567,0.019842701600080937
2024-07-23,-0.004747095182703331,-0.0060332098342484415,-0.002074140726535767
2024-07-24,-0.03174498850784391,-0.048697026505715654,-0.045568801141655846
2024-07-25,-0.02245547147139199,-0.002865726407936079,0.02424368304021497
2024-07-26,0.01369722079350417,0.011165809098553801,0.017017022784252857
2024-07-29,-0.00242670683087777,-0.009916081496937573,-0.01241722570478784
2024-07-30,-0.017273770060473537,-0.03736800898184073,-0.0030251805856686903
2024-07-31,0.03501352465146416,0.0754703877420594,0.03032806496077266
2024-08-01,-0.05080650851053899,-0.04937420969976778,-0.0503329747646511
2024-08-02,-0.02323079710801207,-0.020240803714395326,-0.030733864536776956
2024-08-05,-0.02813543056811158,-0.044304983858045134,-0.027866876224053296
2024-08-06,0.01700544787181698,0.030496666073368296,0.022517327937630456
2024-08-07,-0.0216427868130077,-0.029541628201398322,-0.014832052971653659
2024-08-08,0.04689744574229482,0.07453539165135015,0.09007662551051594
2024-08-09,-0.0020077189118748303,-2.0637105514374364e-05,0.0011514272306651968
2024-08-12,0.0014759936247749207,0.02010906449896845,-0.00028064746912484593
2024-08-13,0.021548123010290163,0.036750467253743944,0.01783488103538193
2024-08-14,0.0007504638391063704,0.013403929214111335,0.011016597746952482
2024-08-15,0.02209362989822099,0.030881367569519695,0.021743915729941353
2024-08-16,0.0010945221061770803,0.002283743897776193,-0.007811412643826756
2024-08-19,0.010695457836298952,0.02498423807980638,0.010762107702666364
2024-08-20,-0.00590120500129716,-0.013112592497711103,-0.007416779881541192
2024-08-21,0.009959381053448811,0.008397178181052293,0.005644537807079771
2024-08-22,-0.01264086524161254,-0.01728245581577466,-0.004665803984999011
2024-08-23,0.017408888030015862,0.024056006561012235,0.02166139938677914
2024-08-26,-0.00809804205107065,-0.015854408614204448,-0.0042197431482286635
2024-08-27,0.0014849159843668505,0.008232142064900576,-0.008979086638439868
2024-08-28,-0.00811091372239779,-0.010776647339607162,-0.009305278342648538
2024-08-29,0.0025686233545583917,-0.02817032287070008,0.02522789002327813
2024-08-30,0.012826764162826661,0.014268096598917502,0.011651948550433017
2024-09-03,-0.04333316029637972,-0.06325981045657847,-0.047682064529488324
2024-09-04,-0.0020440730418579394,-0.008333897978270473,0.0028842021398048307
2024-09-05,-0.00238996082156248,0.001531873785586234,0.0034462742001988783
2024-09-06,-0.020182320962921822,-0.024614819246642668,-0.015159381408067479
2024-09-09,0.01576372502905504,0.02560553397321646,0.004408024307011018
2024-09-10,0.00442422631733458,0.010367936762256096,-0.006406413262188705
2024-09-11,0.01998772792906256,0.04548447180907679,0.007936312901757716
2024-09-12,0.0044913963594186805,0.012486639746489336,0.0012384965322952933
2024-09-13,0.006282293482138041,-0.0002918991805813284,0.010612641321489136
2024-09-16,-0.00324332919399764,-0.006526379887744644,-0.0004176541159204311
2024-09-17,0.0026792240871512593,-0.004939339106710285,0.008297240620936987
2024-09-18,-0.006584597782659441,-0.008442140943596722,-0.00933163386467727
2024-09-19,0.02607327326718946,0.031240652077065292,0.031087543225091073
2024-09-20,-0.01030829794761625,-0.010693319957514913,-0.0064315776171874756
2024-09-23,0.00015870524442921011,0.0002287140472450619,-0.006380506347088876
2024-09-24,0.008677842172918459,0.017766263870436755,0.0209587473063488
2024-09-25,-0.0035754257783110195,0.006795954995510356,0.0013798318920860923
2024-09-26,0.02289413899612286,0.010587264983793785,0.02416271591749806
2024-09-27,-0.0064226844778002,-0.013541657724875493,-0.010474353695897495
2024-09-30,0.0020213240466787504,0.005438503183144607,-0.000712301031791368
2024-10-01,-0.014826882325669179,-0.018865260550520818,-0.018192149173854644
2024-10-02,0.00436040002577056,0.005783805676819622,0.008884550869566212
2024-10-03,-0.0036669935538976503,0.009633062297388334,0.0070288898588035525
2024-10-04,0.009826499623144469,0.010485449886358435,0.01301552382260371
2024-10-07,-0.00219541011650637,0.0033769275931562395,0.008395875532797956
2024-10-08,0.00729062929685457,0.019756846790823082,0.006623866528246352
2024-10-09,0.009092314762083501,0.007041535254323217,0.006042653194523232
2024-10-10,-0.0031586678034532605,0.002785053463122498,0.0035156323872599106
2024-10-11,0.01006456960038345,0.0036526713417350926,0.007948870191867678
2024-10-14,0.01132652536862419,0.014822967500512058,0.014240551755886267
2024-10-15,-0.01964448606895526,-0.026456395775207423,-0.031181093727901805
2024-10-16,0.00679831538482515,0.01148027513403759,0.012821175600330404
2024-10-17,-1.2243687075254002e-05,0.003567086992577501,0.004157977888923087
2024-10-18,0.01409169924674563,0.026715510125712695,0.0018231702210618145
2024-10-21,-0.0006140047857544201,0.015084176515176559,0.013469537686064952
2024-10-22,-0.00419435964929399,-0.006595485994166128,-0.007582242793727209
2024-10-23,-0.010740940124000002,-0.014620900050902599,-0.011054141407128175
2024-10-24,-0.01549710096295891,-0.0005315018074161667,-0.05423853379443483
2024-10-25,0.0024109188575404403,0.0022555597024924187,0.005378335419893274
2024-10-28,0.00055953114569103,-0.0024382039179762084,-0.0012008264824561125
2024-10-29,0.00727640610668964,0.005404713217523659,0.010065020463861696
2024-10-30,-0.008132545021157,-0.00765645863532974,-0.01806182865191018
2024-10-31,-0.01306152895558097,-0.02049748789835441,-0.024319294098813858
2024-11-01,0.00714483695056606,0.010639776604853749,0.004931877621367283
2024-11-04,-0.0014002385844340602,0.004193128214376773,-0.0051298122987543425
2024-11-05,0.01740479999259722,0.024215814839225133,0.0353230614683977
2024-11-06,0.04888862046850814,0.04712197358678079,0.05053465157284004
2024-11-07,0.002006484661554741,0.004676016683582366,0.016266668705968483
2024-11-08,0.00129934052386798,0.0046693584200448324,-0.004387517085566059
2024-11-11,0.00434727497316851,-0.0016341391521501455,-0.00625871187266794
2024-11-12,0.0018410356217464998,0.005928814055012983,-0.0012222543324527102
2024-11-13,9.277876433634027e-05,-0.0029965824622734784,-0.0060642619675417555
2024-11-14,-0.00591471199280033,-0.0021645545628152015,-0.0020129808179592526
2024-11-15,-0.016254894240573272,-0.018297303557414442,-0.02785129647930479
2024-11-18,-0.0002586346444387404,-0.007688551693101613,0.012273623889754517
2024-11-19,0.005698114856682289,0.02431288169612072,0.002111799456468652
2024-11-20,-0.00023582840253242037,-0.0019771653513503103,0.0013273858557884305
2024-11-21,0.0055523535958129,0.012071919446122232,0.015584107881998863
2024-11-22,0.010900567391653291,-0.012660118281198729,0.011937881379067532
2024-11-25,0.00381476970769507,-0.02331638341011088,0.008440698373074118
2024-11-26,-0.00226325538101464,0.006104060005374751,-0.009573640410207987
2024-11-27,-0.00609056098069634,-0.009977583953982246,-0.009515876395514076
2024-11-29,0.007669744682824508,0.012178984772201102,0.01857095751110293
2024-12-02,0.0054436911135904405,0.00029209621145154046,0.022899622586722162
2024-12-03,-0.0027472321137548207,0.004839954092455874,0.01810349101517007
2024-12-04,0.00900914270524841,0.015563376008732538,0.017584462402871977
2024-12-05,-0.00820555000340496,-0.001954859030590493,-0.02085899895479163
2024-12-06,0.00241985859060534,-0.0061312876562744645,0.02797636947655794
2024-12-09,-0.00479779268801752,-0.020515336029441708,0.0007881249186171896
2024-12-10,-0.00879152001633353,-0.016453237856217183,-0.022520011470714252
2024-12-11,0.012099000318513898,0.020291643497046458,0.02809871639377202
2024-12-12,-0.0002280111012905599,-0.007883745081371926,0.0014495166774562617
2024-12-13,-0.00646761176964304,-0.017516266471463184,0.009069239746113168
2024-12-16,0.010356039271460366,-0.0053785042848556175,0.03492415941339375
2024-12-17,-0.00988965444910405,-0.008591243574046887,-0.011551456949202387
2024-12-18,-0.02953670926959956,-0.023940653872112114,-0.02800546454176957
2024-12-19,0.0015430154998478625,0.0024003671176898948,0.012003459387377157
2024-12-20,0.0096476748948865,0.018277265087005792,0.011873991343409917
2024-12-23,0.007772586397799921,0.015183792503297442,0.016361604313374488
2024-12-24,0.01211001629422319,0.009402020829571507,0.012052568906719
2024-12-26,0.003246064297102142,-0.00093000362576669,0.0006713847175405388
2024-12-27,-0.013265934920195512,-0.014642827525390738,-0.013009277808107799
2024-12-30,-0.01123971203176051,-0.005695981011998017,-0.0073649887442823496
2024-12-31,-0.00522292359917286,-0.011830052585153896,-0.013706822241318015
2025-01-02,-0.0013030988876355303,0.008914882831828458,0.012077214081242443
2025-01-03,0.01766947153069379,0.027522768557513018,0.029190407323904877
2025-01-06,0.011573529086322011,0.01866646723091398,0.02025328259773135
2025-01-07,-0.012197177194047492,-0.03276971015359611,-0.03433242472185528
2025-01-08,0.0011165870816879503,0.008146126048625328,0.012475638445079278
2025-01-10,-0.015842095621766722,-0.018321359271177277,-0.01043956463995201
2025-01-13,-0.0008083322008206097,-0.005650992413295603,-0.012937946669599062
2025-01-14,0.0059897712757949004,0.0008593665662141974,-0.0032470677537754463
2025-01-15,0.017977292367200602,0.034039336708443266,0.05269938087758143
2025-01-16,0.007645735854070531,-0.005336900440875678,-0.003603929795681827
2025-01-17,0.0134036903543116,0.022067990251757885,0.021076480764912645
2025-01-21,0.012430985310842298,0.018309877210746967,0.019880010687553837
2025-01-22,0.00591922949615671,0.0178227699570203,0.021319982043293998
2025-01-23,0.0022450858107977505,0.003214416004705482,-4.485914264097207e-05
2025-01-24,-0.012564502335324503,-0.020824451472070578,-0.03209047110513358
2025-01-27,-0.03742451256441506,-0.07775554253907925,-0.13389200305722773
2025-01-28,0.012809678160094741,0.03597584517225724,0.0685572449230862
2025-01-29,-0.008161031473643,-0.016397147269280883,-0.031063933749879306
2025-01-30,0.007001883965449001,0.027011921932004256,0.019876740575807933
2025-01-31,-0.00499498022110697,-0.01598785676959369,-0.026586086526331036
2025-02-03,-0.016034471720937034,-0.013508907971331079,-0.025334048021617272
2025-02-04,0.0021573941549028904,0.0037880650243879575,0.010707060314623013
2025-02-05,0.0073342086709324615,0.02430824717575534,0.03895909484100715
2025-02-06,0.00043724349825227963,0.012057894011570728,0.024220848040108926
2025-02-07,-0.00959561143607247,-0.0021852586142109068,0.004641058549251863
2025-02-10,0.026487795119106233,0.014789680830741442,0.02046987771161048
2025-02-11,-0.00230140577704448,-0.0037572994378696494,-0.004217990869796537
2025-02-12,-0.007643489408556941,-0.007003079573503573,-0.010357732419399891
2025-02-13,-0.004503575795650229,0.020986301403643437,0.029441758310045998
2025-02-14,-0.0007776412728775308,0.0151412359525464,0.022114867406952156
2025-02-18,0.00897607277600243,0.0013439058203926796,0.0013003377001821164
2025-02-19,0.005075169729172261,0.005984463398127228,0.001237927306126158
2025-02-20,0.00197873246686918,-0.0015665636067158958,0.0026252160649354794
2025-02-21,-0.023127260069173972,-0.0365034394710156,-0.04064461974303893
2025-02-24,-0.01065977255086381,-0.01631336882362779,-0.026180394837666487
2025-02-25,-0.01095129382528058,-0.01922651280461098,-0.021829175869069514
2025-02-26,0.00922929703763687,0.018388339116179125,0.007286165567298318
2025-02-27,-0.023485375951098078,-0.041786755455108425,-0.0245296101155875
2025-02-28,0.01523854592372792,0.025068840075822114,0.020554520495285666
2025-03-03,-0.02997132035365785,-0.039366678603397626,-0.03096683845215619
2025-03-04,-0.013368175006201482,-0.011486146709401818,-0.018199193258523098
2025-03-05,0.0167212706201786,0.017481965618850976,0.018161923949319366
2025-03-06,-0.0190532843372129,-0.04386472383364225,-0.02432216832867386
2025-03-07,0.012405793426757801,-0.0081129336604632,0.007961861761081065
2025-03-10,-0.03545406391146838,-0.056636562926017125,-0.042636686538034915
2025-03-11,-0.023139252449868128,0.016964407756820843,0.0042929315377852936
2025-03-12,0.0029845588130420495,0.024485668503088996,0.01293499480971918
2025-03-13,-0.01881409604965236,-0.026860872889433098,-0.024347761804541124
2025-03-14,0.02564916281830555,0.030760575970881873,0.02866598149814517
2025-03-17,0.011396507893748832,0.00398525369877042,0.011592767345729359
2025-03-18,-0.012189031141242401,-0.017328417538899594,-0.014707520452426754
2025-03-19,0.004921537422469801,0.018571030984866357,0.017988396337464164
2025-03-20,-0.00142174627090858,0.00036436703347669753,-0.0045199677295259056
2025-03-21,-0.0010389964734504296,-0.0027533131350800715,-0.0013153713524720581
2025-03-24,0.02615163544819732,0.03236689129813432,0.028132093066471728
2025-03-25,0.00351669015106036,0.01091380562959733,0.008269378929576857
2025-03-26,-0.01735687394014388,-0.03263844087760272,-0.02379400182420801
2025-03-27,-0.01052628093331963,-0.0132830739897207,-0.003869610707403604
2025-03-28,-0.027494961815232616,-0.030342810921030524,-0.02171785618908379
2025-03-31,0.0019325044271476792,0.003207365635059276,0.0070335594866839275
2025-04-01,0.0051584739265772605,0.006554786044262658,0.002863590174323816
2025-04-02,0.01346128586252306,0.020047938611051735,0.00835435291652088
2025-04-03,-0.07528312056769483,-0.074503036709129,-0.05459507848782999
2025-04-04,-0.07106815241684339,-0.07701817334402362,-0.05954349973743546
2025-04-07,0.01423779859006898,0.02953629011510145,0.0006202665948466853
2025-04-08,-0.02815143272853434,-0.012632808534976357,-0.01533420424057181
2025-04-09,0.1271328312313175,0.1518516874721122,0.10739744665500728
2025-04-10,-0.05743454939006243,-0.061168803046260586,-0.045150009855473745
2025-04-11,0.015614942018901692,0.015056146197238173,0.01714824450607242
2025-04-14,0.007034208810833029,1.4490228649768964e-05,0.009523117744547954
2025-04-15,-0.0024821870560300403,0.0015434435976753027,-0.0027674405844213194
2025-04-16,-0.027531928245034698,-0.029837964291205683,-0.021681997481111676
2025-04-17,0.0033443736026482706,-0.005926684667474136,0.0015355273758036394
2025-04-21,-0.024674203795222942,-0.03199840575865065,-0.02385424445281535
2025-04-22,0.02697465517732501,0.026841912370094968,0.026775505377121464
2025-04-23,0.021157329596206503,0.026842988086721926,0.016264034585865974
2025-04-24,0.03481662751747193,0.034580872036688734,0.021575091066268835
2025-04-25,0.0070176235479315,0.016983887847459307,0.0068044513605863
2025-04-28,-0.0005150488150454599,-0.010964524051786242,0.0003812727631190602
2025-04-29,0.006115738332896161,0.005357681541148018,0.006299389544388378
2025-04-30,0.0010176682247149,0.0012825414721732275,0.00039694175083583973
2025-05-01,0.00829926213311801,0.015963449263978673,0.007086979683865128
2025-05-02,0.01804050039067034,0.021061418349511196,0.014844024038501446
2025-05-05,-0.00152161237790078,-0.004152614228760608,-0.005734324797424556
2025-05-06,-0.00843693799460265,-0.003220902013163388,-0.008358326594873169
2025-05-07,0.02647602818830152,0.022494556290223084,0.004205527562271922
2025-05-08,0.016331906086708203,0.013800646250416639,0.006967762571935122
2025-05-09,0.00171494713491285,0.0017058901549587883,-0.0012742213508585938
2025-05-12,0.04606317211454105,0.0447969117154718,0.03304754271395165
2025-05-13,0.016038959063210692,0.034371544827443916,0.00660386082153403
2025-05-14,0.004617385357652371,0.018878039180283534,0.0012779771742330807
2025-05-15,-0.0023544160312395906,-0.004123067195590401,0.004884285649128245
2025-05-16,0.004735404488272841,0.00737549283858214,0.00633404459345154
2025-05-19,-0.0033548609575138303,-0.0003741269706834235,0.0010940280836997985
2025-05-20,-0.0036677993213627604,-0.0046472884144110665,-0.003362257375942917
2025-05-21,-0.02168251101354119,-0.022233558066485304,-0.01685077534655523
2025-05-22,0.00310024841873509,0.00040214468344278035,0.0003947080869814706
2025-05-23,-0.00640610150924337,-0.007795614243407712,-0.006825851257053146
2025-05-27,0.028370644696765493,0.027762262626621917,0.020790577842265397
2025-05-28,-0.006996787462656291,-0.005446391582871105,-0.005785452346738882
2025-05-29,0.008035107978914852,0.016264843630994962,0.0039475480024407815
2025-05-30,-0.00915581337864244,-0.015848463585120477,-0.0011184010326866728
2025-06-02,0.0022982435114130197,0.0047702267356256375,0.0056329207040380315
2025-06-03,0.011517775305626542,0.016178761799772304,0.00570245224870348
2025-06-04,0.00237124741366632,0.0032346401244029805,-0.0002684085986688836
2025-06-05,-0.00114051025241681,-0.008650869352824471,-0.004832859623352039
2025-06-06,0.011820307900687851,0.012393997497334157,0.010269030973765749
2025-06-09,0.0007810321003635093,-0.0009554794446396658,0.0009013320810103136
2025-06-10,0.007045586123364151,0.00548353213710961,0.0056698210167953535
2025-06-11,-0.00727047078181748,-0.003808625211045703,-0.00285217968886293
2025-06-12,-0.0018553932448746996,0.002706093247317334,0.0039742753822673066
2025-06-13,-0.015254550503524452,-0.019023752160210905,-0.011180162300883333
2025-06-16,0.0180541751191125,0.015368711858559796,0.009514344503854329
2025-06-17,-0.011778897559680951,-0.009497292715888844,-0.008545068700686376
2025-06-18,0.00193228825123331,0.004218582429644972,-0.00015081665769787458
2025-06-20,-0.0033035190695591605,-0.00496007465748672,-0.0023485778516795083
2025-06-23,0.010026789001861401,0.010030491817590755,0.009877590607664265
2025-06-24,0.01646995282789595,0.020903108847438102,0.01104718603951146
2025-06-25,0.0008230544835918299,0.0189992729230141,0.0005603844216816182
2025-06-26,0.01666507721406039,0.016322874431612542,0.007823809728074513
2025-06-27,0.00514417511610053,0.015291827572256394,0.006759103791471372
2025-06-30,0.00570441688004432,-0.0006208797088794503,0.006333095815594786
2025-07-01,0.0052149313994284,-0.01218257804454902,-0.0005249306152687227
2025-07-02,0.013218570793682221,0.019001428418122794,0.00865089078277056
2025-07-03,0.00608513999654196,0.012103024029032999,0.009204314315765095
2025-07-07,-0.014197594318353482,-0.011958027207450652,-0.017667452478240163
2025-07-08,0.00578905837901458,0.0060228164668299665,-0.005829970796973592
2025-07-09,0.00548533884951691,0.009839064517441693,0.0012231496243770288
2025-07-10,0.013181664129345353,0.008443865361673544,0.003583178912664621
2025-07-11,-0.00669931792260042,0.0030140954018790882,-0.011211753274204147
2025-07-14,-0.00222815066594828,-0.00457508424388144,0.0015494533712118515
2025-07-15,-0.0018649941165703305,0.018751415879409646,-0.006298579674096338
2025-07-16,0.0028784465620729704,0.003113608627368728,0.0016013775498777462
2025-07-17,0.0121719885974901,0.013746549330088117,0.013307926042434408
2025-07-18,0.0008320989385205601,-0.0022281097729537837,0.0015681677780776384
2025-07-21,-0.0049424067173308005,-0.010639146409848985,-0.010929717143973929
2025-07-22,0.0001571824264043403,-0.006572816544700437,0.0034403079457237295
2025-07-23,0.00719766081821732,0.01638511689095249,-0.0023060589611517543
2025-07-24,-0.01007391642353111,0.009990334430513172,-0.010566315851586919
2025-07-25,0.003944305645625209,0.005314352042364623,0.013588982775538877
2025-07-28,0.0040997401033484905,0.00992254152343672,-0.001511136526026639
2025-07-29,-0.006155195051724241,-0.006965679528760668,0.0040331628883285295
2025-07-30,0.01830562510786761,0.009575775004406248,0.009374287528048223
2025-07-31,0.014833112996279828,-0.004680186839991427,-0.03429734435022359
2025-08-01,-0.018701184615503023,-0.024868848866653546,0.00021628913511272498
2025-08-04,0.015520161961189532,0.024007715108653887,0.0056773296334218714
2025-08-05,-0.004367693352473861,-0.008617077172688092,-0.01265059282853771
2025-08-06,-0.015218743600455591,-0.009316177796490074,-0.004322394966963744
2025-08-07,0.00597852832890808,0.018383075678030835,-0.006569141420328137
2025-08-08,0.0030265432534475802,0.007048652522791302,0.0020425156342358136
2025-08-11,-0.00530200365653272,-0.0009305865307056575,0.00270922679156632
2025-08-12,0.022147903873925012,0.014693953787738568,0.012362031412296423
2025-08-13,0.01408562529357874,0.0013933950567967543,0.006189886885916198
2025-08-14,-0.007950141329347665,-0.007126151606529723,-0.008994091884532046
2025-08-15,-0.01017006600781933,-0.013600907093333938,0.004443760225128089
2025-08-18,0.00393346567613971,0.007965631332878286,0.0030713720119098426
2025-08-19,-0.00346720698070363,-0.01546655156083916,-0.008779153987459926
2025-08-20,-0.00503320663454096,-0.0018031306651931293,0.0020309354918007887
2025-08-21,-0.00521655323248724,-0.006720023659710646,-0.019151444990325672
2025-08-22,0.027735268999041062,0.021434688566116997,0.013922647561740373
2025-08-25,-0.00409809493519909,0.0038234612735963324,-0.012371458066582214
2025-08-26,0.00891760091203452,0.01211896170855925,0.012202816260602238
2025-08-27,-0.0023859865907409003,0.0032605853738187757,-0.005159802316297431
2025-08-28,0.0017211603531906304,-0.005131428976309582,0.0023322389406909305
2025-08-29,-0.010440431303098512,-0.022915866758090046,-0.009122031034842727
2025-09-02,-0.0056381675247893,-0.015357009437799187,-0.011568282470042369
2025-09-03,-0.009230324582863691,-0.001345980299685202,-0.04490857785911333
2025-09-04,0.0112488747643396,0.008368714720085487,0.024235002406829922
2025-09-05,0.0009207253165553699,-0.014206981115562789,0.01367940610242286
2025-09-08,0.00239041491170157,0.005264832409762979,0.006973845810905999
2025-09-09,-0.00425216459817749,0.005292344102462392,-0.00031373748787964046
2025-09-10,0.00324453401410869,0.02739549223635888,-0.018654891838366355
2025-09-11,0.010360567534458059,0.0020503531150492006,0.009591474812727178
2025-09-12,-0.01122461932602152,-0.004170944251147242,-0.009257966205151182
2025-09-15,0.00011207164150815014,0.0004637450119701713,-0.02631466313133698
2025-09-16,-0.00890542085150714,-0.012463667130772904,-0.0031312645704538967
2025-09-17,-0.00264931175829217,-0.023771809645937135,-0.007978030758902181
2025-09-18,0.01754253026116035,0.029814493003925083,0.01244671222609087
2025-09-19,0.0032901383436321156,0.0013546309755736862,0.005589010775494045
2025-09-22,0.01930117932338418,0.02448454417598819,0.019751163800009647
2025-09-23,-0.0055392664721945,-0.015671491966918926,-0.0016053646375653258
2025-09-24,-0.006941860118339701,-0.01118647960473787,-0.008344097749827709
2025-09-25,-0.0065012627681245005,0.00011593152061427402,-0.008922479232702993
2025-09-26,0.0067132542147891605,0.004828988908216101,0.006552150711212581
2025-09-29,0.0028041620755209,0.013445315986964258,-0.0026624595061635163
2025-09-30,0.01112577009627616,0.017564490874699478,0.018603306962192822
2025-10-01,0.002226688049378215,0.0004009245791132803,-0.018860241463493976
2025-10-02,0.0065629174453176,0.006716636252504483,0.011116452448809376
2025-10-03,0.004458962837053804,-0.0010298955035903867,0.01905286383896847
2025-10-06,0.0019487022813427656,-0.006272165069948767,-0.006151469613715682
2025-10-07,-0.015665689672056886,-0.00863497085032074,-0.018223841006022787
2025-10-08,0.013490766581798291,0.01417684515111293,0.016460581948499083
2025-10-09,-0.006726570940901191,0.0023318498855203432,-0.00808054401427042
2025-10-10,-0.047167617223872735,-0.04082456647345695,-0.032839155311186426
2025-10-13,0.02652413556512074,0.023329970533870977,0.01511841534184287
2025-10-14,0.0033558921927641996,-0.020820984290601873,-0.0010754009011681195
2025-10-15,0.00505462655392484,0.00015385357509702948,-0.002009857006293786
2025-10-16,-0.0037168813500441395,-0.000373734111196412,-0.0013887699566409782
2025-10-17,0.004344245828019111,0.008804715269415958,0.02504765691851375
2025-10-20,0.012944545830569941,0.0018839121319656656,0.025612908269445622
2025-10-21,0.010769898606650017,0.00553368910395368,0.00827787510293227
2025-10-22,-0.0013094647290475088,-0.011991300656283906,0.12849587684761804
2025-10-23,0.029804641801687688,0.020189055042821574,0.044035851392437715
2025-10-24,0.0015191250120034,0.016178148704948533,-0.00685277053907995
2025-10-27,0.011268455068538949,0.015161452239497757,0.003215103793611121
2025-10-28,-0.00027615191980130986,0.01662980396735938,0.006732023883003247
2025-10-29,0.026309747756451063,0.014177729289476651,-0.0004501292622526927
2025-10-30,-0.01802007525831779,-0.011970729581348752,-0.00745416012361102
2025-10-31,0.00753125854303029,7.050557607454332e-06,0.004689358949846657
2025-11-03,0.0035638229921588598,0.01282598572637188,-0.005718386413061905
2025-11-04,-0.020252952858898506,-0.020831837123704927,-0.013623415988576798
2025-11-05,0.0069942593497144216,-0.0017769444558762178,0.0005520735318012145
2025-11-06,-0.0012915080739126592,0.011437650320121666,-0.01148308427535167
2025-11-07,-0.0009064587882078499,0.009608457751856585,-0.003893769670485802
2025-11-10,0.017458114003645248,0.029921394754947723,0.021966063943810572
2025-11-11,-0.0037513868608838297,-0.007078130201583348,0.008478660523715752
2025-11-12,0.003977243554495601,4.968614339398241e-05,0.004768068486271933
2025-11-13,-0.025708512655179202,-0.023463938461916675,-0.014422053570743961
2025-11-14,-0.0034640288693477492,-0.0020099747115105773,0.0016565966983113937
2025-11-17,-0.01262960243790655,-0.014067262226411005,-0.01456689625342662
2025-11-18,-0.011325955649164901,-0.014021403427768905,-0.021867913596183487
2025-11-19,0.01322129179172472,0.020532778200867886,0.00620953568237085
2025-11-20,-0.0259225521743029,-0.01885401136350788,-0.017557840324582377
2025-11-21,0.020044117007555262,0.007895496776859265,0.006800311972031335
2025-11-24,0.013588290866855632,0.011692063027092246,0.0005733158305462048
2025-11-25,0.00979941412631728,-0.001704475710692186,0.009464309272031407
2025-11-26,0.011990123292476491,0.009256246850445602,-0.0038772310595073496
2025-11-28,0.0036617815886919305,-0.007567353471128136,0.009228502652443397
2025-12-01,-0.00608698408853356,0.00237861997300796,-0.008130356818373019
2025-12-02,0.010369330069532251,0.005060376784209802,0.014860752867747821
2025-12-03,0.007325186605923441,0.0014596636674677954,0.0007087003089191739
2025-12-04,0.00898547834472727,0.010680493288982391,-0.004224290132934633
2025-12-05,0.0019976240797558503,0.0027670074210779747,-0.004729999025860425
2025-12-08,-0.00040106789997491053,0.00470475000385677,0.004540412220486767
2025-12-09,-0.007580634968427861,-0.011910690347458935,-0.00897609536090712
2025-12-10,0.008989227466361861,0.00996823387446508,0.00864097412561053
2025-12-11,-0.0013189386901811006,-0.003942970498715753,0.007352261856373985
2025-12-12,-0.02139487096140118,-0.021786870985598103,-0.0034912293257880417
2025-12-15,0.00292899963576956,0.007162296845217852,0.018594378224842775
2025-12-16,0.00139116286764558,-0.002407832283147725,0.004420058066642197
2025-12-17,-0.01811953595024377,-0.020742222563960147,0.004546350672495166
2025-12-18,0.009104712652315532,0.011509527544207187,-0.006853637220597589
2025-12-19,0.01569601925126623,0.022563567096370092,0.007905357440038714
2025-12-22,0.006279134325444541,0.013913221071563061,-0.013384188979869961
2025-12-23,0.004640161314336851,0.012089217406617293,0.0002202456799224356
2025-12-24,0.00138947034980275,-0.0010575587872614083,0.006483491353534612
2025-12-26,0.0013864041064929806,0.004912158590042456,0.00553133785203055
2025-12-29,-0.004515809661465961,-0.0046573228466783665,-0.005860923688651477
2025-12-30,-0.0030396573525257303,-0.0029682426094267585,-0.003666143183331438
2025-12-31,-0.01069730435458373,-0.00854904046341568,-0.006084983735640351
2026-01-02,0.01723563571873525,0.012761500825242616,0.0075977574634765975
2026-01-05,0.019631205022138713,0.0054820383355547,0.013956949692899
2026-01-06,0.02162311621745787,0.013056516404076634,0.009259937974080205
2026-01-07,-0.012038397721609431,-0.005445853481980001,-0.011356875125237035
2026-01-08,-0.004750425289705839,-0.011888791207983187,0.007872152774647664
2026-01-09,0.010152362730790121,0.006977638768552223,0.005696431232499573
2026-01-12,0.00545968054627915,0.0019855750987247275,0.0036214158458252425
2026-01-13,0.0040729987412025295,0.0049718996679939224,0.0066637621058916454
2026-01-14,-0.0017974754792079804,-0.010047952706875578,0.0017161991132224196
2026-01-15,0.00469254997339059,0.012870536760956742,0.014296679044718107
2026-01-16,0.00087390137205813,-0.003223848693885283,0.010071150068676989
2026-01-20,-0.02581412904993895,-0.028361822869528798,-0.029702101197343126
2026-01-21,0.022739508285842383,0.020480289591838036,0.02338713156593533
2026-01-22,0.00707083497015694,0.0012762664080271974,0.012436282809187384
2026-01-23,-0.00828270336764846,0.0012395389683253887,0.0035139775174460974
2026-01-26,0.0033731304644590604,0.0003918917284877941,-0.003445838627417105
2026-01-27,0.0030170103347634007,0.0009314925954157886,0.003900549604890773
2026-01-28,0.0015036448693574607,0.0005797301853444209,0.010564402150307524
2026-01-29,0.010402150970294361,0.02282575478312238,0.011229277141840993
2026-01-30,-0.012949762581567822,-0.011030255112353136,-0.008399815519153059
2026-02-02,0.007620548913246431,-0.0011391093448681316,-0.01952646606414751
2026-02-03,0.012704191950921552,-0.002732831227637251,-0.02001233417432613
2026-02-04,-0.005307175660610709,-0.011839824711311843,-0.02642034266944706
2026-02-05,-0.01686133532768349,-0.005495911297288599,-0.010650779850539544
2026-02-06,0.04172349589608685,0.03897572871147396,0.06500091100784879
2026-02-09,0.01266787010823515,0.01172703190730334,0.02040394964913653
2026-02-10,0.0012590748443107405,0.004362513494713768,-0.003663257051485894
2026-02-11,-0.00017670609933461963,0.006172029857755645,0.0072563628634814605
2026-02-12,0.009453959067124103,-0.014900608756584534,-0.01581939921600882
2026-02-13,0.00944018414798425,0.002962132536819262,-0.01358193152344267
2026-02-17,-0.0026747932439939305,0.009347002937160499,0.011075700256924219
2026-02-18,0.00851444663668411,-0.0004951281162897531,0.010479497770844191
2026-02-19,-0.0007892690293937001,0.008699285125918284,0.002696665749362661
2026-02-20,0.0079159901538641,0.010033356053671148,0.010107089136384643
2026-02-23,-0.01108914891663963,-0.004147252913363732,0.004637120731321267
2026-02-24,0.01855941605405328,0.011204955054272998,0.00823370250681882
2026-02-25,0.00552199395039641,-0.0005091916506740598,0.008980731703599146
2026-02-26,-0.008605991382010392,-0.020301472024589217,-0.0428665468136987
2026-02-27,-0.0123414266757376,-0.022109978163854294,-0.010441564507431729
2026-03-02,0.006580294529225381,0.011862122080612492,0.005592780471354759
2026-03-03,-0.02096145742811734,-0.0354869303688771,-0.010823661823245945
2026-03-04,0.00019853477893475024,0.0032525958231445756,0.014318703745636516
2026-03-05,-0.01375001389246212,-0.010897037494840086,-0.003853184183241662
2026-03-06,-0.031920402192187905,-0.06198006989113348,-0.018597543794533728
2026-03-09,0.02239185109210977,0.03725962202386293,0.016413176602504843
2026-03-10,0.002536759163941445,0.016652089859173644,0.00175552856408343
2026-03-11,0.00108328789471582,-0.002893906645194664,0.0014668406838370927
2026-03-12,-0.03291737193733729,-0.040084897208604885,-0.018186878786847986
2026-03-13,-0.00599204109547155,-0.009701980982633349,-0.008110686519049884
2026-03-16,0.015659343166805145,0.019017404302261693,0.013183489307836438
2026-03-17,-0.0023355151860042504,-0.0006307676520854737,0.003167819172762257
2026-03-18,-0.00606635692927242,0.010315796926404637,-0.012557019337378248
2026-03-19,-0.00113850803455553,-0.005999560925678687,-0.0038267320935456966
2026-03-20,-0.018239440132726013,-0.021027356380607487,-0.021001584312306417
2026-03-23,0.01564516451646421,0.02421401800160615,0.013419026709751314
2026-03-24,0.00579028276226044,0.02765002636542727,-0.00555851193450055
2026-03-25,0.00693989683942642,0.004812759860212897,0.00909296899188804
2026-03-26,-0.028654504852713925,-0.044319926002259216,-0.027894140679783533
2026-03-27,-0.01734254066007867,-0.012757191687001453,-0.020684986924781493
2026-03-30,-0.01785590818857708,-0.04538104987163876,-0.00926614795253486
2026-03-31,0.0419062542496094,0.056967761260645594,0.032565089003438574
2026-04-01,0.0171769447632275,0.03819914429327429,0.011683595689786348
2026-04-02,-0.00509773398891383,-0.008829220372359286,-0.0015268505471461424
2026-04-06,0.00514494485084017,0.011019233017463253,0.004486283244471456
2026-04-07,0.00665250135271883,0.008334811703264718,0.0006616866387754106
2026-04-08,0.04685909241548404,0.08320692809003426,0.03173689295269448
2026-04-09,0.008535602775383391,0.016294681998320865,0.00832893160863964
2026-04-10,0.00115583363261072,0.008093869838154556,0.0011917529918631673
2026-04-13,0.0100326318818017,0.005394532470819336,0.008553895400804883
2026-04-14,0.008405612281675941,-0.004048937769862447,0.010334927387044241
2026-04-15,-0.0056338886468037495,-0.008561696040960036,0.0023136232538639185
2026-04-16,-0.0014336459905030603,-0.0019477961756428602,0.00030565346994148777
2026-04-17,0.024149850834274494,0.03458328348878256,0.016518170207338208
2026-04-20,-0.0035536182469805503,-0.003080285946304647,0.00013564435406136126
2026-04-21,-0.014964954493010541,-0.005065831501741985,-0.01019337616168331
2026-04-22,0.008070664417662651,6.463516411720893e-05,0.004595107256324772
2026-04-23,0.0005895584241892996,0.026801760788923677,0.00032926808785484814
2026-04-24,0.009137323994549602,0.02504317656385368,0.008327518734747704
2026-04-27,0.0005610772472635197,-0.014448124449000658,0.003502803878025421
2026-04-28,-0.01625912919405031,-0.032881334846939274,-0.006968080744712191
2026-04-29,-0.02819635072890814,-0.10098147665040103,-0.06118765185513062
2026-04-30,0.01689184120701843,0.03465917685473157,0.03161826785433672
2026-05-01,-0.004279417057448711,-0.006224895433354892,0.0013989450761938444
2026-05-04,-0.009598499871296032,-0.014944698815693906,-0.014242033988189332
2026-05-05,0.02257776482236367,0.026231383721412663,0.011530906542716508
2026-05-06,0.04173069426210559,0.058291504532692315,0.015920605238170574
2026-05-07,-0.008938659491821203,-0.034528453712568616,-0.012468926582850582
2026-05-08,0.0046675174755744404,0.010808917779355836,-0.002465294247157088
2026-05-11,0.0017500923579517897,0.0133250439373001,-0.04806425999916147
2026-05-12,-0.0035102385632485105,-0.006920656267098313,0.01733826809629311
2026-05-13,0.002446400453695011,0.013216849739789559,0.0035335622493154876
2026-05-14,0.006982548024857551,0.0028405140916208,-0.011401211168698943
2026-05-15,-0.025110839978400815,-0.042154376703178655,-0.02361927723344264
2026-05-18,-0.00771464082408784,-0.02857137735030272,0.02432101928936796
2026-05-19,-0.00869542329047348,-0.003140454341846832,0.002779249369498437
2026-05-20,0.02315720455186135,0.03927027855786573,0.02817121349040152
2026-05-21,0.006820470796496261,0.009263270441869429,-0.010435291837893147
2026-05-22,0.00873331290311944,0.0020071593999668605,0.0002708837720778772
2026-05-26,0.01985463298701942,0.04030581336571068,0.015043926060567613
2026-05-27,-0.013447547374807411,-0.02237802726510487,-0.03935885799381324
2026-05-28,0.00554009241126754,0.009669386289208012,0.013149823087776237
2026-05-29,-0.00128150902072871,-0.011432519718419994,-0.006680960261153023
2026-06-01,-0.0022489347489741207,0.01908264075290233,-0.026201710668155385
2026-06-02,0.00875026051153094,0.018995175667361773,0.006098461026197172
2026-06-03,-0.00356632217067482,-0.0008248081676273632,0.016084281867812
2026-06-04,0.002828776742525089,0.0032559747080360647,0.025983100389708278
2026-06-05,-0.03744875901129798,-0.06540735711753526,0.010654038458990035
2026-06-08,0.01083284303435196,0.02243082564378956,-0.0013005095335551036
2026-06-09,0.005809639015611011,-2.652552122482839e-05,0.02383560384890878
2026-06-10,-0.036887620489721745,-0.04198195859476744,-0.033331389795188154
2026-06-11,0.040166964644373776,0.04823768947156764,0.02366140075088399
2026-06-12,0.01070896302529517,0.016803047424733385,-0.00015203160920491767
2026-06-15,0.02888045896541503,0.035820922468106774,0.016131688561941592
2026-06-16,-0.005613470356995999,-0.02110762076159642,0.016490820498988007
2026-06-17,-0.009423131741880171,-0.01089708215151423,-0.002660769800730071
2026-06-18,0.022233783893521302,0.040397891681771665,0.00862133708392227
2026-06-22,0.0052950147814717,0.010562955694445476,0.004754732301206154
2026-06-23,-0.03554873616580442,-0.051033467558086416,-0.011316038920167148
2026-06-24,0.0032470360348753804,0.0047973699088044485,0.009978169912828128
2026-06-25,0.025385978986862,0.03568771189361654,0.02140381291400295
2026-06-26,-0.01340286748389455,-0.026968839572437953,-0.013003508811802447
2026-06-29,0.0081484173865909,0.02615071626430762,-0.0032449409254638436
2026-06-30,0.016106292116692213,0.026629793107405597,-0.009854622157690295
2026-07-01,-0.022378373780763232,-0.05012858287375374,-0.016612417537788388
2026-07-02,-0.015015258053521,-0.049449461864446584,0.02139817901619518
2026-07-06,0.01522289282719076,0.017739277333604964,0.008968136709543023
2026-07-07,-0.029640481107156953,-0.043749613891417606,-0.029303661829237968
2026-07-08,-0.0030883849803850795,-0.00335594884603188,-0.014887795773088242
2026-07-09,0.011012433821791671,0.017280474865789295,0.011604689580156867
2026-07-10,0.008721240524550351,0.005182657614637414,0.009595307641614124
2026-07-13,-0.023445221022979662,-0.026386071713806154,-0.019752628876886804
2026-07-14,0.00819577874043508,0.0221587987838453,-0.0020360007207352515
2026-07-15,-0.00563076586349928,-0.019241366274098774,0.0010612162525037248
2026-07-16,-0.0002465485207857102,-0.013875112964005568,0.009477094325138328
2026-07-17,-0.020789080937865773,-0.005067923914214475,-0.023393400433125166
2026-07-20,0.00187067428777714,0.00928452389879926,0.009926027056571474
2026-07-21,0.021473243053247493,0.046799930743627524,0.0225922078381128
2026-07-22,-0.0014930972441070996,-0.0006055380083867655,0.006612296496943425
2026-07-23,0.00689000925363061,0.012331615821627746,0.03878330899520314
2026-07-24,-0.007483759445997081,-0.01949575602945502,-0.013345942469305164
2026-07-27,-0.0023117105787866512,-0.0130429797980814,0.008780337609589078
2026-07-28,-0.0011311206217967393,-0.0102360882527445,0.002004647916610822
2026-07-29,-0.027059228337877883,-0.0256496759973045,-0.022780582523350655
2026-07-30,0.0363988485690116,0.03828165641410952,0.002054885628972317
2026-07-31,0.01380289839947049,0.015151245512639883,0.0035318084179362416
2026-08-03,0.0224462392345181,0.012748217851490948,0.0481573949099897
2026-08-04,0.017709320561275114,-0.002232778336134441,-0.009883286936034045
2026-08-05,0.003095124036696471,0.0014144364561987856,0.013737399303648758
2026-08-06,-0.007813282344452289,0.03145971751974663,-0.008262111323157373
2026-08-07,0.0065823016393975,0.0006746037476001809,0.01605491847106124
2026-08-10,-0.01048544379577271,-0.017848917041702963,0.021228722359913126
2026-08-11,0.00409374875690003,0.013654439180903697,0.0003863787121771191
